[
    {
        "bind":"Alt+N",
        "action":"toggleRadarView"
    },
    {
        "bind":"Alt+B",
        "action":"radarBigger"
    },
    {
        "bind":"Alt+S",
        "action":"radarSmaller"
    },
    {
        "bind":"Alt+T",
        "action":"toggleAR"
    },
    {
        "bind":"Alt+C",
        "action":"toggleCams"
    },
    {
        "bind":"Alt+M",
        "action":"toggleUpcomingMatch"
    },
    {
        "bind":"Alt+P",
        "action":"togglePlayerPreview"
    }
]